DATE,PAYEMS_CHG_20220107,PAYEMS_CHG_20210205,PAYEMS_CHG_20210305,PAYEMS_CHG_20210402,PAYEMS_CHG_20210507,PAYEMS_CHG_20210604,PAYEMS_CHG_20210702,PAYEMS_CHG_20210806,PAYEMS_CHG_20210903,PAYEMS_CHG_20211008,PAYEMS_CHG_20211105,PAYEMS_CHG_20211203
1939-02-01,177,177,177,177,177,177,177,177,177,177,177,177
1939-03-01,180,180,180,180,180,180,180,180,180,180,180,180
1939-04-01,-186,-186,-186,-186,-186,-186,-186,-186,-186,-186,-186,-186
1939-05-01,205,205,205,205,205,205,205,205,205,205,205,205
1939-06-01,203,203,203,203,203,203,203,203,203,203,203,203
1939-07-01,-83,-83,-83,-83,-83,-83,-83,-83,-83,-83,-83,-83
1939-08-01,244,244,244,244,244,244,244,244,244,244,244,244
1939-09-01,368,368,368,368,368,368,368,368,368,368,368,368
1939-10-01,380,380,380,380,380,380,380,380,380,380,380,380
1939-11-01,59,59,59,59,59,59,59,59,59,59,59,59
1939-12-01,72,72,72,72,72,72,72,72,72,72,72,72
1940-01-01,61,61,61,61,61,61,61,61,61,61,61,61
1940-02-01,112,112,112,112,112,112,112,112,112,112,112,112
1940-03-01,110,110,110,110,110,110,110,110,110,110,110,110
1940-04-01,-124,-124,-124,-124,-124,-124,-124,-124,-124,-124,-124,-124
1940-05-01,178,178,178,178,178,178,178,178,178,178,178,178
1940-06-01,98,98,98,98,98,98,98,98,98,98,98,98
1940-07-01,-35,-35,-35,-35,-35,-35,-35,-35,-35,-35,-35,-35
1940-08-01,410,410,410,410,410,410,410,410,410,410,410,410
1940-09-01,458,458,458,458,458,458,458,458,458,458,458,458
1940-10-01,457,457,457,457,457,457,457,457,457,457,457,457
1940-11-01,402,402,402,402,402,402,402,402,402,402,402,402
1940-12-01,505,505,505,505,505,505,505,505,505,505,505,505
1941-01-01,307,307,307,307,307,307,307,307,307,307,307,307
1941-02-01,362,362,362,362,362,362,362,362,362,362,362,362
1941-03-01,249,249,249,249,249,249,249,249,249,249,249,249
1941-04-01,376,376,376,376,376,376,376,376,376,376,376,376
1941-05-01,714,714,714,714,714,714,714,714,714,714,714,714
1941-06-01,468,468,468,468,468,468,468,468,468,468,468,468
1941-07-01,487,487,487,487,487,487,487,487,487,487,487,487
1941-08-01,407,407,407,407,407,407,407,407,407,407,407,407
1941-09-01,291,291,291,291,291,291,291,291,291,291,291,291
1941-10-01,114,114,114,114,114,114,114,114,114,114,114,114
1941-11-01,75,75,75,75,75,75,75,75,75,75,75,75
1941-12-01,80,80,80,80,80,80,80,80,80,80,80,80
1942-01-01,243,243,243,243,243,243,243,243,243,243,243,243
1942-02-01,165,165,165,165,165,165,165,165,165,165,165,165
1942-03-01,423,423,423,423,423,423,423,423,423,423,423,423
1942-04-01,417,417,417,417,417,417,417,417,417,417,417,417
1942-05-01,419,419,419,419,419,419,419,419,419,419,419,419
1942-06-01,258,258,258,258,258,258,258,258,258,258,258,258
1942-07-01,443,443,443,443,443,443,443,443,443,443,443,443
1942-08-01,516,516,516,516,516,516,516,516,516,516,516,516
1942-09-01,271,271,271,271,271,271,271,271,271,271,271,271
1942-10-01,256,256,256,256,256,256,256,256,256,256,256,256
1942-11-01,159,159,159,159,159,159,159,159,159,159,159,159
1942-12-01,241,241,241,241,241,241,241,241,241,241,241,241
1943-01-01,257,257,257,257,257,257,257,257,257,257,257,257
1943-02-01,221,221,221,221,221,221,221,221,221,221,221,221
1943-03-01,159,159,159,159,159,159,159,159,159,159,159,159
1943-04-01,95,95,95,95,95,95,95,95,95,95,95,95
1943-05-01,-51,-51,-51,-51,-51,-51,-51,-51,-51,-51,-51,-51
1943-06-01,185,185,185,185,185,185,185,185,185,185,185,185
1943-07-01,-81,-81,-81,-81,-81,-81,-81,-81,-81,-81,-81,-81
1943-08-01,-154,-154,-154,-154,-154,-154,-154,-154,-154,-154,-154,-154
1943-09-01,-54,-54,-54,-54,-54,-54,-54,-54,-54,-54,-54,-54
1943-10-01,183,183,183,183,183,183,183,183,183,183,183,183
1943-11-01,146,146,146,146,146,146,146,146,146,146,146,146
1943-12-01,-75,-75,-75,-75,-75,-75,-75,-75,-75,-75,-75,-75
1944-01-01,-92,-92,-92,-92,-92,-92,-92,-92,-92,-92,-92,-92
1944-02-01,-116,-116,-116,-116,-116,-116,-116,-116,-116,-116,-116,-116
1944-03-01,-244,-244,-244,-244,-244,-244,-244,-244,-244,-244,-244,-244
1944-04-01,-231,-231,-231,-231,-231,-231,-231,-231,-231,-231,-231,-231
1944-05-01,-78,-78,-78,-78,-78,-78,-78,-78,-78,-78,-78,-78
1944-06-01,-38,-38,-38,-38,-38,-38,-38,-38,-38,-38,-38,-38
1944-07-01,-43,-43,-43,-43,-43,-43,-43,-43,-43,-43,-43,-43
1944-08-01,-54,-54,-54,-54,-54,-54,-54,-54,-54,-54,-54,-54
1944-09-01,-171,-171,-171,-171,-171,-171,-171,-171,-171,-171,-171,-171
1944-10-01,29,29,29,29,29,29,29,29,29,29,29,29
1944-11-01,3,3,3,3,3,3,3,3,3,3,3,3
1944-12-01,149,149,149,149,149,149,149,149,149,149,149,149
1945-01-01,35,35,35,35,35,35,35,35,35,35,35,35
1945-02-01,2,2,2,2,2,2,2,2,2,2,2,2
1945-03-01,-99,-99,-99,-99,-99,-99,-99,-99,-99,-99,-99,-99
1945-04-01,-352,-352,-352,-352,-352,-352,-352,-352,-352,-352,-352,-352
1945-05-01,-142,-142,-142,-142,-142,-142,-142,-142,-142,-142,-142,-142
1945-06-01,-155,-155,-155,-155,-155,-155,-155,-155,-155,-155,-155,-155
1945-07-01,-275,-275,-275,-275,-275,-275,-275,-275,-275,-275,-275,-275
1945-08-01,-408,-408,-408,-408,-408,-408,-408,-408,-408,-408,-408,-408
1945-09-01,-1959,-1959,-1959,-1959,-1959,-1959,-1959,-1959,-1959,-1959,-1959,-1959
1945-10-01,93,93,93,93,93,93,93,93,93,93,93,93
1945-11-01,396,396,396,396,396,396,396,396,396,396,396,396
1945-12-01,114,114,114,114,114,114,114,114,114,114,114,114
1946-01-01,719,719,719,719,719,719,719,719,719,719,719,719
1946-02-01,-585,-585,-585,-585,-585,-585,-585,-585,-585,-585,-585,-585
1946-03-01,951,951,951,951,951,951,951,951,951,951,951,951
1946-04-01,718,718,718,718,718,718,718,718,718,718,718,718
1946-05-01,436,436,436,436,436,436,436,436,436,436,436,436
1946-06-01,386,386,386,386,386,386,386,386,386,386,386,386
1946-07-01,418,418,418,418,418,418,418,418,418,418,418,418
1946-08-01,489,489,489,489,489,489,489,489,489,489,489,489
1946-09-01,273,273,273,273,273,273,273,273,273,273,273,273
1946-10-01,178,178,178,178,178,178,178,178,178,178,178,178
1946-11-01,302,302,302,302,302,302,302,302,302,302,302,302
1946-12-01,-16,-16,-16,-16,-16,-16,-16,-16,-16,-16,-16,-16
1947-01-01,156,156,156,156,156,156,156,156,156,156,156,156
1947-02-01,22,22,22,22,22,22,22,22,22,22,22,22
1947-03-01,50,50,50,50,50,50,50,50,50,50,50,50
1947-04-01,-108,-108,-108,-108,-108,-108,-108,-108,-108,-108,-108,-108
1947-05-01,139,139,139,139,139,139,139,139,139,139,139,139
1947-06-01,172,172,172,172,172,172,172,172,172,172,172,172
1947-07-01,-67,-67,-67,-67,-67,-67,-67,-67,-67,-67,-67,-67
1947-08-01,217,217,217,217,217,217,217,217,217,217,217,217
1947-09-01,243,243,243,243,243,243,243,243,243,243,243,243
1947-10-01,208,208,208,208,208,208,208,208,208,208,208,208
1947-11-01,73,73,73,73,73,73,73,73,73,73,73,73
1947-12-01,97,97,97,97,97,97,97,97,97,97,97,97
1948-01-01,98,98,98,98,98,98,98,98,98,98,98,98
1948-02-01,-146,-146,-146,-146,-146,-146,-146,-146,-146,-146,-146,-146
1948-03-01,150,150,150,150,150,150,150,150,150,150,150,150
1948-04-01,-304,-304,-304,-304,-304,-304,-304,-304,-304,-304,-304,-304
1948-05-01,417,417,417,417,417,417,417,417,417,417,417,417
1948-06-01,238,238,238,238,238,238,238,238,238,238,238,238
1948-07-01,126,126,126,126,126,126,126,126,126,126,126,126
1948-08-01,18,18,18,18,18,18,18,18,18,18,18,18
1948-09-01,116,116,116,116,116,116,116,116,116,116,116,116
1948-10-01,-49,-49,-49,-49,-49,-49,-49,-49,-49,-49,-49,-49
1948-11-01,-53,-53,-53,-53,-53,-53,-53,-53,-53,-53,-53,-53
1948-12-01,-160,-160,-160,-160,-160,-160,-160,-160,-160,-160,-160,-160
1949-01-01,-364,-364,-364,-364,-364,-364,-364,-364,-364,-364,-364,-364
1949-02-01,-171,-171,-171,-171,-171,-171,-171,-171,-171,-171,-171,-171
1949-03-01,-257,-257,-257,-257,-257,-257,-257,-257,-257,-257,-257,-257
1949-04-01,-4,-4,-4,-4,-4,-4,-4,-4,-4,-4,-4,-4
1949-05-01,-252,-252,-252,-252,-252,-252,-252,-252,-252,-252,-252,-252
1949-06-01,-245,-245,-245,-245,-245,-245,-245,-245,-245,-245,-245,-245
1949-07-01,-208,-208,-208,-208,-208,-208,-208,-208,-208,-208,-208,-208
1949-08-01,93,93,93,93,93,93,93,93,93,93,93,93
1949-09-01,156,156,156,156,156,156,156,156,156,156,156,156
1949-10-01,-838,-838,-838,-838,-838,-838,-838,-838,-838,-838,-838,-838
1949-11-01,300,300,300,300,300,300,300,300,300,300,300,300
1949-12-01,280,280,280,280,280,280,280,280,280,280,280,280
1950-01-01,4,4,4,4,4,4,4,4,4,4,4,4
1950-02-01,-229,-229,-229,-229,-229,-229,-229,-229,-229,-229,-229,-229
1950-03-01,657,657,657,657,657,657,657,657,657,657,657,657
1950-04-01,428,428,428,428,428,428,428,428,428,428,428,428
1950-05-01,336,336,336,336,336,336,336,336,336,336,336,336
1950-06-01,365,365,365,365,365,365,365,365,365,365,365,365
1950-07-01,371,371,371,371,371,371,371,371,371,371,371,371
1950-08-01,738,738,738,738,738,738,738,738,738,738,738,738
1950-09-01,246,246,246,246,246,246,246,246,246,246,246,246
1950-10-01,268,268,268,268,268,268,268,268,268,268,268,268
1950-11-01,70,70,70,70,70,70,70,70,70,70,70,70
1950-12-01,85,85,85,85,85,85,85,85,85,85,85,85
1951-01-01,427,427,427,427,427,427,427,427,427,427,427,427
1951-02-01,289,289,289,289,289,289,289,289,289,289,289,289
1951-03-01,296,296,296,296,296,296,296,296,296,296,296,296
1951-04-01,-12,-12,-12,-12,-12,-12,-12,-12,-12,-12,-12,-12
1951-05-01,91,91,91,91,91,91,91,91,91,91,91,91
1951-06-01,112,112,112,112,112,112,112,112,112,112,112,112
1951-07-01,-3,-3,-3,-3,-3,-3,-3,-3,-3,-3,-3,-3
1951-08-01,-49,-49,-49,-49,-49,-49,-49,-49,-49,-49,-49,-49
1951-09-01,-58,-58,-58,-58,-58,-58,-58,-58,-58,-58,-58,-58
1951-10-01,52,52,52,52,52,52,52,52,52,52,52,52
1951-11-01,141,141,141,141,141,141,141,141,141,141,141,141
1951-12-01,167,167,167,167,167,167,167,167,167,167,167,167
1952-01-01,-18,-18,-18,-18,-18,-18,-18,-18,-18,-18,-18,-18
1952-02-01,226,226,226,226,226,226,226,226,226,226,226,226
1952-03-01,-18,-18,-18,-18,-18,-18,-18,-18,-18,-18,-18,-18
1952-04-01,116,116,116,116,116,116,116,116,116,116,116,116
1952-05-01,22,22,22,22,22,22,22,22,22,22,22,22
1952-06-01,-360,-360,-360,-360,-360,-360,-360,-360,-360,-360,-360,-360
1952-07-01,-139,-139,-139,-139,-139,-139,-139,-139,-139,-139,-139,-139
1952-08-01,781,781,781,781,781,781,781,781,781,781,781,781
1952-09-01,396,396,396,396,396,396,396,396,396,396,396,396
1952-10-01,277,277,277,277,277,277,277,277,277,277,277,277
1952-11-01,219,219,219,219,219,219,219,219,219,219,219,219
1952-12-01,350,350,350,350,350,350,350,350,350,350,350,350
1953-01-01,-22,-22,-22,-22,-22,-22,-22,-22,-22,-22,-22,-22
1953-02-01,195,195,195,195,195,195,195,195,195,195,195,195
1953-03-01,134,134,134,134,134,134,134,134,134,134,134,134
1953-04-01,-38,-38,-38,-38,-38,-38,-38,-38,-38,-38,-38,-38
1953-05-01,55,55,55,55,55,55,55,55,55,55,55,55
1953-06-01,29,29,29,29,29,29,29,29,29,29,29,29
1953-07-01,17,17,17,17,17,17,17,17,17,17,17,17
1953-08-01,-47,-47,-47,-47,-47,-47,-47,-47,-47,-47,-47,-47
1953-09-01,-121,-121,-121,-121,-121,-121,-121,-121,-121,-121,-121,-121
1953-10-01,-128,-128,-128,-128,-128,-128,-128,-128,-128,-128,-128,-128
1953-11-01,-332,-332,-332,-332,-332,-332,-332,-332,-332,-332,-332,-332
1953-12-01,-205,-205,-205,-205,-205,-205,-205,-205,-205,-205,-205,-205
1954-01-01,-234,-234,-234,-234,-234,-234,-234,-234,-234,-234,-234,-234
1954-02-01,-87,-87,-87,-87,-87,-87,-87,-87,-87,-87,-87,-87
1954-03-01,-225,-225,-225,-225,-225,-225,-225,-225,-225,-225,-225,-225
1954-04-01,22,22,22,22,22,22,22,22,22,22,22,22
1954-05-01,-214,-214,-214,-214,-214,-214,-214,-214,-214,-214,-214,-214
1954-06-01,-70,-70,-70,-70,-70,-70,-70,-70,-70,-70,-70,-70
1954-07-01,-60,-60,-60,-60,-60,-60,-60,-60,-60,-60,-60,-60
1954-08-01,-9,-9,-9,-9,-9,-9,-9,-9,-9,-9,-9,-9
1954-09-01,60,60,60,60,60,60,60,60,60,60,60,60
1954-10-01,56,56,56,56,56,56,56,56,56,56,56,56
1954-11-01,238,238,238,238,238,238,238,238,238,238,238,238
1954-12-01,151,151,151,151,151,151,151,151,151,151,151,151
1955-01-01,165,165,165,165,165,165,165,165,165,165,165,165
1955-02-01,148,148,148,148,148,148,148,148,148,148,148,148
1955-03-01,318,318,318,318,318,318,318,318,318,318,318,318
1955-04-01,286,286,286,286,286,286,286,286,286,286,286,286
1955-05-01,264,264,264,264,264,264,264,264,264,264,264,264
1955-06-01,278,278,278,278,278,278,278,278,278,278,278,278
1955-07-01,197,197,197,197,197,197,197,197,197,197,197,197
1955-08-01,124,124,124,124,124,124,124,124,124,124,124,124
1955-09-01,155,155,155,155,155,155,155,155,155,155,155,155
1955-10-01,163,163,163,163,163,163,163,163,163,163,163,163
1955-11-01,163,163,163,163,163,163,163,163,163,163,163,163
1955-12-01,213,213,213,213,213,213,213,213,213,213,213,213
1956-01-01,170,170,170,170,170,170,170,170,170,170,170,170
1956-02-01,192,192,192,192,192,192,192,192,192,192,192,192
1956-03-01,127,127,127,127,127,127,127,127,127,127,127,127
1956-04-01,81,81,81,81,81,81,81,81,81,81,81,81
1956-05-01,131,131,131,131,131,131,131,131,131,131,131,131
1956-06-01,80,80,80,80,80,80,80,80,80,80,80,80
1956-07-01,-631,-631,-631,-631,-631,-631,-631,-631,-631,-631,-631,-631
1956-08-01,676,676,676,676,676,676,676,676,676,676,676,676
1956-09-01,-27,-27,-27,-27,-27,-27,-27,-27,-27,-27,-27,-27
1956-10-01,173,173,173,173,173,173,173,173,173,173,173,173
1956-11-01,44,44,44,44,44,44,44,44,44,44,44,44
1956-12-01,108,108,108,108,108,108,108,108,108,108,108,108
1957-01-01,-42,-42,-42,-42,-42,-42,-42,-42,-42,-42,-42,-42
1957-02-01,210,210,210,210,210,210,210,210,210,210,210,210
1957-03-01,59,59,59,59,59,59,59,59,59,59,59,59
1957-04-01,82,82,82,82,82,82,82,82,82,82,82,82
1957-05-01,-88,-88,-88,-88,-88,-88,-88,-88,-88,-88,-88,-88
1957-06-01,-83,-83,-83,-83,-83,-83,-83,-83,-83,-83,-83,-83
1957-07-01,56,56,56,56,56,56,56,56,56,56,56,56
1957-08-01,5,5,5,5,5,5,5,5,5,5,5,5
1957-09-01,-194,-194,-194,-194,-194,-194,-194,-194,-194,-194,-194,-194
1957-10-01,-171,-171,-171,-171,-171,-171,-171,-171,-171,-171,-171,-171
1957-11-01,-205,-205,-205,-205,-205,-205,-205,-205,-205,-205,-205,-205
1957-12-01,-174,-174,-174,-174,-174,-174,-174,-174,-174,-174,-174,-174
1958-01-01,-308,-308,-308,-308,-308,-308,-308,-308,-308,-308,-308,-308
1958-02-01,-500,-500,-500,-500,-500,-500,-500,-500,-500,-500,-500,-500
1958-03-01,-277,-277,-277,-277,-277,-277,-277,-277,-277,-277,-277,-277
1958-04-01,-272,-272,-272,-272,-272,-272,-272,-272,-272,-272,-272,-272
1958-05-01,-113,-113,-113,-113,-113,-113,-113,-113,-113,-113,-113,-113
1958-06-01,0,0,0,0,0,0,0,0,0,0,0,0
1958-07-01,125,125,125,125,125,125,125,125,125,125,125,125
1958-08-01,194,194,194,194,194,194,194,194,194,194,194,194
1958-09-01,273,273,273,273,273,273,273,273,273,273,273,273
1958-10-01,-21,-21,-21,-21,-21,-21,-21,-21,-21,-21,-21,-21
1958-11-01,459,459,459,459,459,459,459,459,459,459,459,459
1958-12-01,141,141,141,141,141,141,141,141,141,141,141,141
1959-01-01,393,393,393,393,393,393,393,393,393,393,393,393
1959-02-01,210,210,210,210,210,210,210,210,210,210,210,210
1959-03-01,326,326,326,326,326,326,326,326,326,326,326,326
1959-04-01,307,307,307,307,307,307,307,307,307,307,307,307
1959-05-01,229,229,229,229,229,229,229,229,229,229,229,229
1959-06-01,131,131,131,131,131,131,131,131,131,131,131,131
1959-07-01,123,123,123,123,123,123,123,123,123,123,123,123
1959-08-01,-468,-468,-468,-468,-468,-468,-468,-468,-468,-468,-468,-468
1959-09-01,92,92,92,92,92,92,92,92,92,92,92,92
1959-10-01,-70,-70,-70,-70,-70,-70,-70,-70,-70,-70,-70,-70
1959-11-01,276,276,276,276,276,276,276,276,276,276,276,276
1959-12-01,540,540,540,540,540,540,540,540,540,540,540,540
1960-01-01,100,100,100,100,100,100,100,100,100,100,100,100
1960-02-01,239,239,239,239,239,239,239,239,239,239,239,239
1960-03-01,-59,-59,-59,-59,-59,-59,-59,-59,-59,-59,-59,-59
1960-04-01,359,359,359,359,359,359,359,359,359,359,359,359
1960-05-01,-338,-338,-338,-338,-338,-338,-338,-338,-338,-338,-338,-338
1960-06-01,-127,-127,-127,-127,-127,-127,-127,-127,-127,-127,-127,-127
1960-07-01,-42,-42,-42,-42,-42,-42,-42,-42,-42,-42,-42,-42
1960-08-01,-34,-34,-34,-34,-34,-34,-34,-34,-34,-34,-34,-34
1960-09-01,-45,-45,-45,-45,-45,-45,-45,-45,-45,-45,-45,-45
1960-10-01,-85,-85,-85,-85,-85,-85,-85,-85,-85,-85,-85,-85
1960-11-01,-181,-181,-181,-181,-181,-181,-181,-181,-181,-181,-181,-181
1960-12-01,-219,-219,-219,-219,-219,-219,-219,-219,-219,-219,-219,-219
1961-01-01,-59,-59,-59,-59,-59,-59,-59,-59,-59,-59,-59,-59
1961-02-01,-126,-126,-126,-126,-126,-126,-126,-126,-126,-126,-126,-126
1961-03-01,102,102,102,102,102,102,102,102,102,102,102,102
1961-04-01,-32,-32,-32,-32,-32,-32,-32,-32,-32,-32,-32,-32
1961-05-01,159,159,159,159,159,159,159,159,159,159,159,159
1961-06-01,191,191,191,191,191,191,191,191,191,191,191,191
1961-07-01,146,146,146,146,146,146,146,146,146,146,146,146
1961-08-01,175,175,175,175,175,175,175,175,175,175,175,175
1961-09-01,90,90,90,90,90,90,90,90,90,90,90,90
1961-10-01,134,134,134,134,134,134,134,134,134,134,134,134
1961-11-01,220,220,220,220,220,220,220,220,220,220,220,220
1961-12-01,130,130,130,130,130,130,130,130,130,130,130,130
1962-01-01,19,19,19,19,19,19,19,19,19,19,19,19
1962-02-01,297,297,297,297,297,297,297,297,297,297,297,297
1962-03-01,87,87,87,87,87,87,87,87,87,87,87,87
1962-04-01,327,327,327,327,327,327,327,327,327,327,327,327
1962-05-01,26,26,26,26,26,26,26,26,26,26,26,26
1962-06-01,16,16,16,16,16,16,16,16,16,16,16,16
1962-07-01,102,102,102,102,102,102,102,102,102,102,102,102
1962-08-01,92,92,92,92,92,92,92,92,92,92,92,92
1962-09-01,140,140,140,140,140,140,140,140,140,140,140,140
1962-10-01,63,63,63,63,63,63,63,63,63,63,63,63
1962-11-01,15,15,15,15,15,15,15,15,15,15,15,15
1962-12-01,-28,-28,-28,-28,-28,-28,-28,-28,-28,-28,-28,-28
1963-01-01,87,87,87,87,87,87,87,87,87,87,87,87
1963-02-01,115,115,115,115,115,115,115,115,115,115,115,115
1963-03-01,90,90,90,90,90,90,90,90,90,90,90,90
1963-04-01,260,260,260,260,260,260,260,260,260,260,260,260
1963-05-01,36,36,36,36,36,36,36,36,36,36,36,36
1963-06-01,43,43,43,43,43,43,43,43,43,43,43,43
1963-07-01,135,135,135,135,135,135,135,135,135,135,135,135
1963-08-01,116,116,116,116,116,116,116,116,116,116,116,116
1963-09-01,168,168,168,168,168,168,168,168,168,168,168,168
1963-10-01,205,205,205,205,205,205,205,205,205,205,205,205
1963-11-01,-28,-28,-28,-28,-28,-28,-28,-28,-28,-28,-28,-28
1963-12-01,106,106,106,106,106,106,106,106,106,106,106,106
1964-01-01,126,126,126,126,126,126,126,126,126,126,126,126
1964-02-01,266,266,266,266,266,266,266,266,266,266,266,266
1964-03-01,144,144,144,144,144,144,144,144,144,144,144,144
1964-04-01,25,25,25,25,25,25,25,25,25,25,25,25
1964-05-01,167,167,167,167,167,167,167,167,167,167,167,167
1964-06-01,130,130,130,130,130,130,130,130,130,130,130,130
1964-07-01,193,193,193,193,193,193,193,193,193,193,193,193
1964-08-01,207,207,207,207,207,207,207,207,207,207,207,207
1964-09-01,284,284,284,284,284,284,284,284,284,284,284,284
1964-10-01,-110,-110,-110,-110,-110,-110,-110,-110,-110,-110,-110,-110
1964-11-01,425,425,425,425,425,425,425,425,425,425,425,425
1964-12-01,203,203,203,203,203,203,203,203,203,203,203,203
1965-01-01,161,161,161,161,161,161,161,161,161,161,161,161
1965-02-01,218,218,218,218,218,218,218,218,218,218,218,218
1965-03-01,203,203,203,203,203,203,203,203,203,203,203,203
1965-04-01,256,256,256,256,256,256,256,256,256,256,256,256
1965-05-01,232,232,232,232,232,232,232,232,232,232,232,232
1965-06-01,199,199,199,199,199,199,199,199,199,199,199,199
1965-07-01,275,275,275,275,275,275,275,275,275,275,275,275
1965-08-01,263,263,263,263,263,263,263,263,263,263,263,263
1965-09-01,262,262,262,262,262,262,262,262,262,262,262,262
1965-10-01,229,229,229,229,229,229,229,229,229,229,229,229
1965-11-01,277,277,277,277,277,277,277,277,277,277,277,277
1965-12-01,326,326,326,326,326,326,326,326,326,326,326,326
1966-01-01,207,207,207,207,207,207,207,207,207,207,207,207
1966-02-01,267,267,267,267,267,267,267,267,267,267,267,267
1966-03-01,396,396,396,396,396,396,396,396,396,396,396,396
1966-04-01,245,245,245,245,245,245,245,245,245,245,245,245
1966-05-01,275,275,275,275,275,275,275,275,275,275,275,275
1966-06-01,399,399,399,399,399,399,399,399,399,399,399,399
1966-07-01,190,190,190,190,190,190,190,190,190,190,190,190
1966-08-01,206,206,206,206,206,206,206,206,206,206,206,206
1966-09-01,136,136,136,136,136,136,136,136,136,136,136,136
1966-10-01,211,211,211,211,211,211,211,211,211,211,211,211
1966-11-01,165,165,165,165,165,165,165,165,165,165,165,165
1966-12-01,180,180,180,180,180,180,180,180,180,180,180,180
1967-01-01,208,208,208,208,208,208,208,208,208,208,208,208
1967-02-01,22,22,22,22,22,22,22,22,22,22,22,22
1967-03-01,101,101,101,101,101,101,101,101,101,101,101,101
1967-04-01,-64,-64,-64,-64,-64,-64,-64,-64,-64,-64,-64,-64
1967-05-01,154,154,154,154,154,154,154,154,154,154,154,154
1967-06-01,130,130,130,130,130,130,130,130,130,130,130,130
1967-07-01,138,138,138,138,138,138,138,138,138,138,138,138
1967-08-01,255,255,255,255,255,255,255,255,255,255,255,255
1967-09-01,21,21,21,21,21,21,21,21,21,21,21,21
1967-10-01,61,61,61,61,61,61,61,61,61,61,61,61
1967-11-01,478,478,478,478,478,478,478,478,478,478,478,478
1967-12-01,197,197,197,197,197,197,197,197,197,197,197,197
1968-01-01,-96,-96,-96,-96,-96,-96,-96,-96,-96,-96,-96,-96
1968-02-01,411,411,411,411,411,411,411,411,411,411,411,411
1968-03-01,80,80,80,80,80,80,80,80,80,80,80,80
1968-04-01,261,261,261,261,261,261,261,261,261,261,261,261
1968-05-01,96,96,96,96,96,96,96,96,96,96,96,96
1968-06-01,253,253,253,253,253,253,253,253,253,253,253,253
1968-07-01,221,221,221,221,221,221,221,221,221,221,221,221
1968-08-01,204,204,204,204,204,204,204,204,204,204,204,204
1968-09-01,154,154,154,154,154,154,154,154,154,154,154,154
1968-10-01,237,237,237,237,237,237,237,237,237,237,237,237
1968-11-01,263,263,263,263,263,263,263,263,263,263,263,263
1968-12-01,264,264,264,264,264,264,264,264,264,264,264,264
1969-01-01,191,191,191,191,191,191,191,191,191,191,191,191
1969-02-01,260,260,260,260,260,260,260,260,260,260,260,260
1969-03-01,206,206,206,206,206,206,206,206,206,206,206,206
1969-04-01,167,167,167,167,167,167,167,167,167,167,167,167
1969-05-01,256,256,256,256,256,256,256,256,256,256,256,256
1969-06-01,308,308,308,308,308,308,308,308,308,308,308,308
1969-07-01,93,93,93,93,93,93,93,93,93,93,93,93
1969-08-01,279,279,279,279,279,279,279,279,279,279,279,279
1969-09-01,-94,-94,-94,-94,-94,-94,-94,-94,-94,-94,-94,-94
1969-10-01,207,207,207,207,207,207,207,207,207,207,207,207
1969-11-01,-35,-35,-35,-35,-35,-35,-35,-35,-35,-35,-35,-35
1969-12-01,155,155,155,155,155,155,155,155,155,155,155,155
1970-01-01,-65,-65,-65,-65,-65,-65,-65,-65,-65,-65,-65,-65
1970-02-01,129,129,129,129,129,129,129,129,129,129,129,129
1970-03-01,146,146,146,146,146,146,146,146,146,146,146,146
1970-04-01,-103,-103,-103,-103,-103,-103,-103,-103,-103,-103,-103,-103
1970-05-01,-224,-224,-224,-224,-224,-224,-224,-224,-224,-224,-224,-224
1970-06-01,-95,-95,-95,-95,-95,-95,-95,-95,-95,-95,-95,-95
1970-07-01,24,24,24,24,24,24,24,24,24,24,24,24
1970-08-01,-116,-116,-116,-116,-116,-116,-116,-116,-116,-116,-116,-116
1970-09-01,7,7,7,7,7,7,7,7,7,7,7,7
1970-10-01,-423,-423,-423,-423,-423,-423,-423,-423,-423,-423,-423,-423
1970-11-01,-112,-112,-112,-112,-112,-112,-112,-112,-112,-112,-112,-112
1970-12-01,383,383,383,383,383,383,383,383,383,383,383,383
1971-01-01,73,73,73,73,73,73,73,73,73,73,73,73
1971-02-01,-58,-58,-58,-58,-58,-58,-58,-58,-58,-58,-58,-58
1971-03-01,53,53,53,53,53,53,53,53,53,53,53,53
1971-04-01,176,176,176,176,176,176,176,176,176,176,176,176
1971-05-01,211,211,211,211,211,211,211,211,211,211,211,211
1971-06-01,7,7,7,7,7,7,7,7,7,7,7,7
1971-07-01,61,61,61,61,61,61,61,61,61,61,61,61
1971-08-01,58,58,58,58,58,58,58,58,58,58,58,58
1971-09-01,241,241,241,241,241,241,241,241,241,241,241,241
1971-10-01,28,28,28,28,28,28,28,28,28,28,28,28
1971-11-01,205,205,205,205,205,205,205,205,205,205,205,205
1971-12-01,262,262,262,262,262,262,262,262,262,262,262,262
1972-01-01,332,332,332,332,332,332,332,332,332,332,332,332
1972-02-01,207,207,207,207,207,207,207,207,207,207,207,207
1972-03-01,296,296,296,296,296,296,296,296,296,296,296,296
1972-04-01,218,218,218,218,218,218,218,218,218,218,218,218
1972-05-01,307,307,307,307,307,307,307,307,307,307,307,307
1972-06-01,289,289,289,289,289,289,289,289,289,289,289,289
1972-07-01,-49,-49,-49,-49,-49,-49,-49,-49,-49,-49,-49,-49
1972-08-01,432,432,432,432,432,432,432,432,432,432,432,432
1972-09-01,123,123,123,123,123,123,123,123,123,123,123,123
1972-10-01,410,410,410,410,410,410,410,410,410,410,410,410
1972-11-01,299,299,299,299,299,299,299,299,299,299,299,299
1972-12-01,295,295,295,295,295,295,295,295,295,295,295,295
1973-01-01,349,349,349,349,349,349,349,349,349,349,349,349
1973-02-01,397,397,397,397,397,397,397,397,397,397,397,397
1973-03-01,270,270,270,270,270,270,270,270,270,270,270,270
1973-04-01,171,171,171,171,171,171,171,171,171,171,171,171
1973-05-01,193,193,193,193,193,193,193,193,193,193,193,193
1973-06-01,239,239,239,239,239,239,239,239,239,239,239,239
1973-07-01,26,26,26,26,26,26,26,26,26,26,26,26
1973-08-01,255,255,255,255,255,255,255,255,255,255,255,255
1973-09-01,108,108,108,108,108,108,108,108,108,108,108,108
1973-10-01,331,331,331,331,331,331,331,331,331,331,331,331
1973-11-01,313,313,313,313,313,313,313,313,313,313,313,313
1973-12-01,111,111,111,111,111,111,111,111,111,111,111,111
1974-01-01,69,69,69,69,69,69,69,69,69,69,69,69
1974-02-01,154,154,154,154,154,154,154,154,154,154,154,154
1974-03-01,42,42,42,42,42,42,42,42,42,42,42,42
1974-04-01,86,86,86,86,86,86,86,86,86,86,86,86
1974-05-01,167,167,167,167,167,167,167,167,167,167,167,167
1974-06-01,55,55,55,55,55,55,55,55,55,55,55,55
1974-07-01,32,32,32,32,32,32,32,32,32,32,32,32
1974-08-01,-17,-17,-17,-17,-17,-17,-17,-17,-17,-17,-17,-17
1974-09-01,-9,-9,-9,-9,-9,-9,-9,-9,-9,-9,-9,-9
1974-10-01,20,20,20,20,20,20,20,20,20,20,20,20
1974-11-01,-365,-365,-365,-365,-365,-365,-365,-365,-365,-365,-365,-365
1974-12-01,-613,-613,-613,-613,-613,-613,-613,-613,-613,-613,-613,-613
1975-01-01,-359,-359,-359,-359,-359,-359,-359,-359,-359,-359,-359,-359
1975-02-01,-375,-375,-375,-375,-375,-375,-375,-375,-375,-375,-375,-375
1975-03-01,-270,-270,-270,-270,-270,-270,-270,-270,-270,-270,-270,-270
1975-04-01,-188,-188,-188,-188,-188,-188,-188,-188,-188,-188,-188,-188
1975-05-01,164,164,164,164,164,164,164,164,164,164,164,164
1975-06-01,-103,-103,-103,-103,-103,-103,-103,-103,-103,-103,-103,-103
1975-07-01,249,249,249,249,249,249,249,249,249,249,249,249
1975-08-01,383,383,383,383,383,383,383,383,383,383,383,383
1975-09-01,75,75,75,75,75,75,75,75,75,75,75,75
1975-10-01,312,312,312,312,312,312,312,312,312,312,312,312
1975-11-01,145,145,145,145,145,145,145,145,145,145,145,145
1975-12-01,332,332,332,332,332,332,332,332,332,332,332,332
1976-01-01,486,486,486,486,486,486,486,486,486,486,486,486
1976-02-01,313,313,313,313,313,313,313,313,313,313,313,313
1976-03-01,232,232,232,232,232,232,232,232,232,232,232,232
1976-04-01,244,244,244,244,244,244,244,244,244,244,244,244
1976-05-01,20,20,20,20,20,20,20,20,20,20,20,20
1976-06-01,64,64,64,64,64,64,64,64,64,64,64,64
1976-07-01,171,171,171,171,171,171,171,171,171,171,171,171
1976-08-01,157,157,157,157,157,157,157,157,157,157,157,157
1976-09-01,188,188,188,188,188,188,188,188,188,188,188,188
1976-10-01,19,19,19,19,19,19,19,19,19,19,19,19
1976-11-01,329,329,329,329,329,329,329,329,329,329,329,329
1976-12-01,208,208,208,208,208,208,208,208,208,208,208,208
1977-01-01,242,242,242,242,242,242,242,242,242,242,242,242
1977-02-01,298,298,298,298,298,298,298,298,298,298,298,298
1977-03-01,403,403,403,403,403,403,403,403,403,403,403,403
1977-04-01,337,337,337,337,337,337,337,337,337,337,337,337
1977-05-01,360,360,360,360,360,360,360,360,360,360,360,360
1977-06-01,400,400,400,400,400,400,400,400,400,400,400,400
1977-07-01,346,346,346,346,346,346,346,346,346,346,346,346
1977-08-01,241,241,241,241,241,241,241,241,241,241,241,241
1977-09-01,457,457,457,457,457,457,457,457,457,457,457,457
1977-10-01,268,268,268,268,268,268,268,268,268,268,268,268
1977-11-01,373,373,373,373,373,373,373,373,373,373,373,373
1977-12-01,237,237,237,237,237,237,237,237,237,237,237,237
1978-01-01,184,184,184,184,184,184,184,184,184,184,184,184
1978-02-01,354,354,354,354,354,354,354,354,354,354,354,354
1978-03-01,512,512,512,512,512,512,512,512,512,512,512,512
1978-04-01,702,702,702,702,702,702,702,702,702,702,702,702
1978-05-01,347,347,347,347,347,347,347,347,347,347,347,347
1978-06-01,441,441,441,441,441,441,441,441,441,441,441,441
1978-07-01,254,254,254,254,254,254,254,254,254,254,254,254
1978-08-01,279,279,279,279,279,279,279,279,279,279,279,279
1978-09-01,138,138,138,138,138,138,138,138,138,138,138,138
1978-10-01,335,335,335,335,335,335,335,335,335,335,335,335
1978-11-01,435,435,435,435,435,435,435,435,435,435,435,435
1978-12-01,280,280,280,280,280,280,280,280,280,280,280,280
1979-01-01,137,137,137,137,137,137,137,137,137,137,137,137
1979-02-01,247,247,247,247,247,247,247,247,247,247,247,247
1979-03-01,424,424,424,424,424,424,424,424,424,424,424,424
1979-04-01,-62,-62,-62,-62,-62,-62,-62,-62,-62,-62,-62,-62
1979-05-01,372,372,372,372,372,372,372,372,372,372,372,372
1979-06-01,319,319,319,319,319,319,319,319,319,319,319,319
1979-07-01,109,109,109,109,109,109,109,109,109,109,109,109
1979-08-01,83,83,83,83,83,83,83,83,83,83,83,83
1979-09-01,27,27,27,27,27,27,27,27,27,27,27,27
1979-10-01,154,154,154,154,154,154,154,154,154,154,154,154
1979-11-01,92,92,92,92,92,92,92,92,92,92,92,92
1979-12-01,99,99,99,99,99,99,99,99,99,99,99,99
1980-01-01,128,128,128,128,128,128,128,128,128,128,128,128
1980-02-01,83,83,83,83,83,83,83,83,83,83,83,83
1980-03-01,111,111,111,111,111,111,111,111,111,111,111,111
1980-04-01,-145,-145,-145,-145,-145,-145,-145,-145,-145,-145,-145,-145
1980-05-01,-429,-429,-429,-429,-429,-429,-429,-429,-429,-429,-429,-429
1980-06-01,-319,-319,-319,-319,-319,-319,-319,-319,-319,-319,-319,-319
1980-07-01,-261,-261,-261,-261,-261,-261,-261,-261,-261,-261,-261,-261
1980-08-01,259,259,259,259,259,259,259,259,259,259,259,259
1980-09-01,114,114,114,114,114,114,114,114,114,114,114,114
1980-10-01,277,277,277,277,277,277,277,277,277,277,277,277
1980-11-01,257,257,257,257,257,257,257,257,257,257,257,257
1980-12-01,196,196,196,196,196,196,196,196,196,196,196,196
1981-01-01,90,90,90,90,90,90,90,90,90,90,90,90
1981-02-01,72,72,72,72,72,72,72,72,72,72,72,72
1981-03-01,105,105,105,105,105,105,105,105,105,105,105,105
1981-04-01,73,73,73,73,73,73,73,73,73,73,73,73
1981-05-01,13,13,13,13,13,13,13,13,13,13,13,13
1981-06-01,194,194,194,194,194,194,194,194,194,194,194,194
1981-07-01,111,111,111,111,111,111,111,111,111,111,111,111
1981-08-01,-36,-36,-36,-36,-36,-36,-36,-36,-36,-36,-36,-36
1981-09-01,-88,-88,-88,-88,-88,-88,-88,-88,-88,-88,-88,-88
1981-10-01,-97,-97,-97,-97,-97,-97,-97,-97,-97,-97,-97,-97
1981-11-01,-209,-209,-209,-209,-209,-209,-209,-209,-209,-209,-209,-209
1981-12-01,-276,-276,-276,-276,-276,-276,-276,-276,-276,-276,-276,-276
1982-01-01,-330,-330,-330,-330,-330,-330,-330,-330,-330,-330,-330,-330
1982-02-01,-2,-2,-2,-2,-2,-2,-2,-2,-2,-2,-2,-2
1982-03-01,-129,-129,-129,-129,-129,-129,-129,-129,-129,-129,-129,-129
1982-04-01,-284,-284,-284,-284,-284,-284,-284,-284,-284,-284,-284,-284
1982-05-01,-43,-43,-43,-43,-43,-43,-43,-43,-43,-43,-43,-43
1982-06-01,-242,-242,-242,-242,-242,-242,-242,-242,-242,-242,-242,-242
1982-07-01,-344,-344,-344,-344,-344,-344,-344,-344,-344,-344,-344,-344
1982-08-01,-158,-158,-158,-158,-158,-158,-158,-158,-158,-158,-158,-158
1982-09-01,-180,-180,-180,-180,-180,-180,-180,-180,-180,-180,-180,-180
1982-10-01,-276,-276,-276,-276,-276,-276,-276,-276,-276,-276,-276,-276
1982-11-01,-121,-121,-121,-121,-121,-121,-121,-121,-121,-121,-121,-121
1982-12-01,-15,-15,-15,-15,-15,-15,-15,-15,-15,-15,-15,-15
1983-01-01,219,219,219,219,219,219,219,219,219,219,219,219
1983-02-01,-73,-73,-73,-73,-73,-73,-73,-73,-73,-73,-73,-73
1983-03-01,173,173,173,173,173,173,173,173,173,173,173,173
1983-04-01,274,274,274,274,274,274,274,274,274,274,274,274
1983-05-01,280,280,280,280,280,280,280,280,280,280,280,280
1983-06-01,377,377,377,377,377,377,377,377,377,377,377,377
1983-07-01,416,416,416,416,416,416,416,416,416,416,416,416
1983-08-01,-308,-308,-308,-308,-308,-308,-308,-308,-308,-308,-308,-308
1983-09-01,1118,1118,1118,1118,1118,1118,1118,1118,1118,1118,1118,1118
1983-10-01,273,273,273,273,273,273,273,273,273,273,273,273
1983-11-01,355,355,355,355,355,355,355,355,355,355,355,355
1983-12-01,355,355,355,355,355,355,355,355,355,355,355,355
1984-01-01,443,443,443,443,443,443,443,443,443,443,443,443
1984-02-01,484,484,484,484,484,484,484,484,484,484,484,484
1984-03-01,272,272,272,272,272,272,272,272,272,272,272,272
1984-04-01,363,363,363,363,363,363,363,363,363,363,363,363
1984-05-01,306,306,306,306,306,306,306,306,306,306,306,306
1984-06-01,381,381,381,381,381,381,381,381,381,381,381,381
1984-07-01,310,310,310,310,310,310,310,310,310,310,310,310
1984-08-01,243,243,243,243,243,243,243,243,243,243,243,243
1984-09-01,312,312,312,312,312,312,312,312,312,312,312,312
1984-10-01,285,285,285,285,285,285,285,285,285,285,285,285
1984-11-01,353,353,353,353,353,353,353,353,353,353,353,353
1984-12-01,125,125,125,125,125,125,125,125,125,125,125,125
1985-01-01,265,265,265,265,265,265,265,265,265,265,265,265
1985-02-01,131,131,131,131,131,131,131,131,131,131,131,131
1985-03-01,339,339,339,339,339,339,339,339,339,339,339,339
1985-04-01,196,196,196,196,196,196,196,196,196,196,196,196
1985-05-01,274,274,274,274,274,274,274,274,274,274,274,274
1985-06-01,147,147,147,147,147,147,147,147,147,147,147,147
1985-07-01,189,189,189,189,189,189,189,189,189,189,189,189
1985-08-01,192,192,192,192,192,192,192,192,192,192,192,192
1985-09-01,205,205,205,205,205,205,205,205,205,205,205,205
1985-10-01,188,188,188,188,188,188,188,188,188,188,188,188
1985-11-01,210,210,210,210,210,210,210,210,210,210,210,210
1985-12-01,166,166,166,166,166,166,166,166,166,166,166,166
1986-01-01,123,123,123,123,123,123,123,123,123,123,123,123
1986-02-01,115,115,115,115,115,115,115,115,115,115,115,115
1986-03-01,87,87,87,87,87,87,87,87,87,87,87,87
1986-04-01,187,187,187,187,187,187,187,187,187,187,187,187
1986-05-01,127,127,127,127,127,127,127,127,127,127,127,127
1986-06-01,-93,-93,-93,-93,-93,-93,-93,-93,-93,-93,-93,-93
1986-07-01,318,318,318,318,318,318,318,318,318,318,318,318
1986-08-01,115,115,115,115,115,115,115,115,115,115,115,115
1986-09-01,346,346,346,346,346,346,346,346,346,346,346,346
1986-10-01,187,187,187,187,187,187,187,187,187,187,187,187
1986-11-01,187,187,187,187,187,187,187,187,187,187,187,187
1986-12-01,201,201,201,201,201,201,201,201,201,201,201,201
1987-01-01,169,169,169,169,169,169,169,169,169,169,169,169
1987-02-01,241,241,241,241,241,241,241,241,241,241,241,241
1987-03-01,245,245,245,245,245,245,245,245,245,245,245,245
1987-04-01,335,335,335,335,335,335,335,335,335,335,335,335
1987-05-01,229,229,229,229,229,229,229,229,229,229,229,229
1987-06-01,172,172,172,172,172,172,172,172,172,172,172,172
1987-07-01,347,347,347,347,347,347,347,347,347,347,347,347
1987-08-01,173,173,173,173,173,173,173,173,173,173,173,173
1987-09-01,227,227,227,227,227,227,227,227,227,227,227,227
1987-10-01,491,491,491,491,491,491,491,491,491,491,491,491
1987-11-01,234,234,234,234,234,234,234,234,234,234,234,234
1987-12-01,289,289,289,289,289,289,289,289,289,289,289,289
1988-01-01,92,92,92,92,92,92,92,92,92,92,92,92
1988-02-01,461,461,461,461,461,461,461,461,461,461,461,461
1988-03-01,275,275,275,275,275,275,275,275,275,275,275,275
1988-04-01,243,243,243,243,243,243,243,243,243,243,243,243
1988-05-01,230,230,230,230,230,230,230,230,230,230,230,230
1988-06-01,364,364,364,364,364,364,364,364,364,364,364,364
1988-07-01,224,224,224,224,224,224,224,224,224,224,224,224
1988-08-01,124,124,124,124,124,124,124,124,124,124,124,124
1988-09-01,339,339,339,339,339,339,339,339,339,339,339,339
1988-10-01,263,263,263,263,263,263,263,263,263,263,263,263
1988-11-01,341,341,341,341,341,341,341,341,341,341,341,341
1988-12-01,281,281,281,281,281,281,281,281,281,281,281,281
1989-01-01,263,263,263,263,263,263,263,263,263,263,263,263
1989-02-01,266,266,266,266,266,266,266,266,266,266,266,266
1989-03-01,194,194,194,194,194,194,194,194,194,194,194,194
1989-04-01,170,170,170,170,170,170,170,170,170,170,170,170
1989-05-01,122,122,122,122,122,122,122,122,122,122,122,122
1989-06-01,114,114,114,114,114,114,114,114,114,114,114,114
1989-07-01,42,42,42,42,42,42,42,42,42,42,42,42
1989-08-01,51,51,51,51,51,51,51,51,51,51,51,51
1989-09-01,249,249,249,249,249,249,249,249,249,249,249,249
1989-10-01,107,107,107,107,107,107,107,107,107,107,107,107
1989-11-01,276,276,276,276,276,276,276,276,276,276,276,276
1989-12-01,84,84,84,84,84,84,84,84,84,84,84,84
1990-01-01,363,363,363,363,363,363,363,363,363,363,363,363
1990-02-01,236,236,236,236,236,236,236,236,236,236,236,236
1990-03-01,209,209,209,209,209,209,209,209,209,209,209,209
1990-04-01,42,42,42,42,42,42,42,42,42,42,42,42
1990-05-01,153,153,153,153,153,153,153,153,153,153,153,153
1990-06-01,17,17,17,17,17,17,17,17,17,17,17,17
1990-07-01,-32,-32,-32,-32,-32,-32,-32,-32,-32,-32,-32,-32
1990-08-01,-208,-208,-208,-208,-208,-208,-208,-208,-208,-208,-208,-208
1990-09-01,-98,-98,-98,-98,-98,-98,-98,-98,-98,-98,-98,-98
1990-10-01,-151,-151,-151,-151,-151,-151,-151,-151,-151,-151,-151,-151
1990-11-01,-153,-153,-153,-153,-153,-153,-153,-153,-153,-153,-153,-153
1990-12-01,-48,-48,-48,-48,-48,-48,-48,-48,-48,-48,-48,-48
1991-01-01,-111,-111,-111,-111,-111,-111,-111,-111,-111,-111,-111,-111
1991-02-01,-321,-321,-321,-321,-321,-321,-321,-321,-321,-321,-321,-321
1991-03-01,-160,-160,-160,-160,-160,-160,-160,-160,-160,-160,-160,-160
1991-04-01,-210,-210,-210,-210,-210,-210,-210,-210,-210,-210,-210,-210
1991-05-01,-115,-115,-115,-115,-115,-115,-115,-115,-115,-115,-115,-115
1991-06-01,85,85,85,85,85,85,85,85,85,85,85,85
1991-07-01,-42,-42,-42,-42,-42,-42,-42,-42,-42,-42,-42,-42
1991-08-01,18,18,18,18,18,18,18,18,18,18,18,18
1991-09-01,26,26,26,26,26,26,26,26,26,26,26,26
1991-10-01,21,21,21,21,21,21,21,21,21,21,21,21
1991-11-01,-61,-61,-61,-61,-61,-61,-61,-61,-61,-61,-61,-61
1991-12-01,32,32,32,32,32,32,32,32,32,32,32,32
1992-01-01,41,41,41,41,41,41,41,41,41,41,41,41
1992-02-01,-58,-58,-58,-58,-58,-58,-58,-58,-58,-58,-58,-58
1992-03-01,54,54,54,54,54,54,54,54,54,54,54,54
1992-04-01,154,154,154,154,154,154,154,154,154,154,154,154
1992-05-01,130,130,130,130,130,130,130,130,130,130,130,130
1992-06-01,66,66,66,66,66,66,66,66,66,66,66,66
1992-07-01,78,78,78,78,78,78,78,78,78,78,78,78
1992-08-01,132,132,132,132,132,132,132,132,132,132,132,132
1992-09-01,34,34,34,34,34,34,34,34,34,34,34,34
1992-10-01,180,180,180,180,180,180,180,180,180,180,180,180
1992-11-01,133,133,133,133,133,133,133,133,133,133,133,133
1992-12-01,223,223,223,223,223,223,223,223,223,223,223,223
1993-01-01,299,299,299,299,299,299,299,299,299,299,299,299
1993-02-01,250,250,250,250,250,250,250,250,250,250,250,250
1993-03-01,-50,-50,-50,-50,-50,-50,-50,-50,-50,-50,-50,-50
1993-04-01,302,302,302,302,302,302,302,302,302,302,302,302
1993-05-01,272,272,272,272,272,272,272,272,272,272,272,272
1993-06-01,181,181,181,181,181,181,181,181,181,181,181,181
1993-07-01,306,306,306,306,306,306,306,306,306,306,306,306
1993-08-01,151,151,151,151,151,151,151,151,151,151,151,151
1993-09-01,242,242,242,242,242,242,242,242,242,242,242,242
1993-10-01,285,285,285,285,285,285,285,285,285,285,285,285
1993-11-01,251,251,251,251,251,251,251,251,251,251,251,251
1993-12-01,330,330,330,330,330,330,330,330,330,330,330,330
1994-01-01,281,281,281,281,281,281,281,281,281,281,281,281
1994-02-01,186,186,186,186,186,186,186,186,186,186,186,186
1994-03-01,461,461,461,461,461,461,461,461,461,461,461,461
1994-04-01,344,344,344,344,344,344,344,344,344,344,344,344
1994-05-01,335,335,335,335,335,335,335,335,335,335,335,335
1994-06-01,317,317,317,317,317,317,317,317,317,317,317,317
1994-07-01,372,372,372,372,372,372,372,372,372,372,372,372
1994-08-01,286,286,286,286,286,286,286,286,286,286,286,286
1994-09-01,351,351,351,351,351,351,351,351,351,351,351,351
1994-10-01,211,211,211,211,211,211,211,211,211,211,211,211
1994-11-01,411,411,411,411,411,411,411,411,411,411,411,411
1994-12-01,296,296,296,296,296,296,296,296,296,296,296,296
1995-01-01,336,336,336,336,336,336,336,336,336,336,336,336
1995-02-01,196,196,196,196,196,196,196,196,196,196,196,196
1995-03-01,210,210,210,210,210,210,210,210,210,210,210,210
1995-04-01,162,162,162,162,162,162,162,162,162,162,162,162
1995-05-01,-20,-20,-20,-20,-20,-20,-20,-20,-20,-20,-20,-20
1995-06-01,237,237,237,237,237,237,237,237,237,237,237,237
1995-07-01,94,94,94,94,94,94,94,94,94,94,94,94
1995-08-01,254,254,254,254,254,254,254,254,254,254,254,254
1995-09-01,241,241,241,241,241,241,241,241,241,241,241,241
1995-10-01,156,156,156,156,156,156,156,156,156,156,156,156
1995-11-01,144,144,144,144,144,144,144,144,144,144,144,144
1995-12-01,145,145,145,145,145,145,145,145,145,145,145,145
1996-01-01,-4,-4,-4,-4,-4,-4,-4,-4,-4,-4,-4,-4
1996-02-01,423,423,423,423,423,423,423,423,423,423,423,423
1996-03-01,254,254,254,254,254,254,254,254,254,254,254,254
1996-04-01,165,165,165,165,165,165,165,165,165,165,165,165
1996-05-01,328,328,328,328,328,328,328,328,328,328,328,328
1996-06-01,283,283,283,283,283,283,283,283,283,283,283,283
1996-07-01,246,246,246,246,246,246,246,246,246,246,246,246
1996-08-01,184,184,184,184,184,184,184,184,184,184,184,184
1996-09-01,211,211,211,211,211,211,211,211,211,211,211,211
1996-10-01,255,255,255,255,255,255,255,255,255,255,255,255
1996-11-01,296,296,296,296,296,296,296,296,296,296,296,296
1996-12-01,182,182,182,182,182,182,182,182,182,182,182,182
1997-01-01,220,220,220,220,220,220,220,220,220,220,220,220
1997-02-01,312,312,312,312,312,312,312,312,312,312,312,312
1997-03-01,315,315,315,315,315,315,315,315,315,315,315,315
1997-04-01,296,296,296,296,296,296,296,296,296,296,296,296
1997-05-01,260,260,260,260,260,260,260,260,260,260,260,260
1997-06-01,268,268,268,268,268,268,268,268,268,268,268,268
1997-07-01,297,297,297,297,297,297,297,297,297,297,297,297
1997-08-01,-18,-18,-18,-18,-18,-18,-18,-18,-18,-18,-18,-18
1997-09-01,492,492,492,492,492,492,492,492,492,492,492,492
1997-10-01,344,344,344,344,344,344,344,344,344,344,344,344
1997-11-01,306,306,306,306,306,306,306,306,306,306,306,306
1997-12-01,314,314,314,314,314,314,314,314,314,314,314,314
1998-01-01,263,263,263,263,263,263,263,263,263,263,263,263
1998-02-01,204,204,204,204,204,204,204,204,204,204,204,204
1998-03-01,148,148,148,148,148,148,148,148,148,148,148,148
1998-04-01,278,278,278,278,278,278,278,278,278,278,278,278
1998-05-01,402,402,402,402,402,402,402,402,402,402,402,402
1998-06-01,232,232,232,232,232,232,232,232,232,232,232,232
1998-07-01,129,129,129,129,129,129,129,129,129,129,129,129
1998-08-01,339,339,339,339,339,339,339,339,339,339,339,339
1998-09-01,208,208,208,208,208,208,208,208,208,208,208,208
1998-10-01,202,202,202,202,202,202,202,202,202,202,202,202
1998-11-01,277,277,277,277,277,277,277,277,277,277,277,277
1998-12-01,365,365,365,365,365,365,365,365,365,365,365,365
1999-01-01,106,106,106,106,106,106,106,106,106,106,106,106
1999-02-01,418,418,418,418,418,418,418,418,418,418,418,418
1999-03-01,107,107,107,107,107,107,107,107,107,107,107,107
1999-04-01,370,370,370,370,370,370,370,370,370,370,370,370
1999-05-01,211,211,211,211,211,211,211,211,211,211,211,211
1999-06-01,281,281,281,281,281,281,281,281,281,281,281,281
1999-07-01,325,325,325,325,325,325,325,325,325,325,325,325
1999-08-01,155,155,155,155,155,155,155,155,155,155,155,155
1999-09-01,203,203,203,203,203,203,203,203,203,203,203,203
1999-10-01,405,405,405,405,405,405,405,405,405,405,405,405
1999-11-01,289,289,289,289,289,289,289,289,289,289,289,289
1999-12-01,306,306,306,306,306,306,306,306,306,306,306,306
2000-01-01,233,233,233,233,233,233,233,233,233,233,233,233
2000-02-01,119,119,119,119,119,119,119,119,119,119,119,119
2000-03-01,472,472,472,472,472,472,472,472,472,472,472,472
2000-04-01,292,292,292,292,292,292,292,292,292,292,292,292
2000-05-01,217,217,217,217,217,217,217,217,217,217,217,217
2000-06-01,-44,-44,-44,-44,-44,-44,-44,-44,-44,-44,-44,-44
2000-07-01,175,175,175,175,175,175,175,175,175,175,175,175
2000-08-01,-6,-6,-6,-6,-6,-6,-6,-6,-6,-6,-6,-6
2000-09-01,123,123,123,123,123,123,123,123,123,123,123,123
2000-10-01,-2,-2,-2,-2,-2,-2,-2,-2,-2,-2,-2,-2
2000-11-01,205,205,205,205,205,205,205,205,205,205,205,205
2000-12-01,153,153,153,153,153,153,153,153,153,153,153,153
2001-01-01,-11,-11,-11,-11,-11,-11,-11,-11,-11,-11,-11,-11
2001-02-01,91,91,91,91,91,91,91,91,91,91,91,91
2001-03-01,-42,-42,-42,-42,-42,-42,-42,-42,-42,-42,-42,-42
2001-04-01,-284,-284,-284,-284,-284,-284,-284,-284,-284,-284,-284,-284
2001-05-01,-53,-53,-53,-53,-53,-53,-53,-53,-53,-53,-53,-53
2001-06-01,-111,-111,-111,-111,-111,-111,-111,-111,-111,-111,-111,-111
2001-07-01,-122,-122,-122,-122,-122,-122,-122,-122,-122,-122,-122,-122
2001-08-01,-149,-149,-149,-149,-149,-149,-149,-149,-149,-149,-149,-149
2001-09-01,-257,-257,-257,-257,-257,-257,-257,-257,-257,-257,-257,-257
2001-10-01,-317,-317,-317,-317,-317,-317,-317,-317,-317,-317,-317,-317
2001-11-01,-312,-312,-312,-312,-312,-312,-312,-312,-312,-312,-312,-312
2001-12-01,-160,-160,-160,-160,-160,-160,-160,-160,-160,-160,-160,-160
2002-01-01,-130,-130,-130,-130,-130,-130,-130,-130,-130,-130,-130,-130
2002-02-01,-116,-116,-116,-116,-116,-116,-116,-116,-116,-116,-116,-116
2002-03-01,-19,-19,-19,-19,-19,-19,-19,-19,-19,-19,-19,-19
2002-04-01,-94,-94,-94,-94,-94,-94,-94,-94,-94,-94,-94,-94
2002-05-01,11,11,11,11,11,11,11,11,11,11,11,11
2002-06-01,50,50,50,50,50,50,50,50,50,50,50,50
2002-07-01,-94,-94,-94,-94,-94,-94,-94,-94,-94,-94,-94,-94
2002-08-01,-3,-3,-3,-3,-3,-3,-3,-3,-3,-3,-3,-3
2002-09-01,-86,-86,-86,-86,-86,-86,-86,-86,-86,-86,-86,-86
2002-10-01,127,127,127,127,127,127,127,127,127,127,127,127
2002-11-01,-13,-13,-13,-13,-13,-13,-13,-13,-13,-13,-13,-13
2002-12-01,-143,-143,-143,-143,-143,-143,-143,-143,-143,-143,-143,-143
2003-01-01,108,108,108,108,108,108,108,108,108,108,108,108
2003-02-01,-136,-136,-136,-136,-136,-136,-136,-136,-136,-136,-136,-136
2003-03-01,-212,-212,-212,-212,-212,-212,-212,-212,-212,-212,-212,-212
2003-04-01,-55,-55,-55,-55,-55,-55,-55,-55,-55,-55,-55,-55
2003-05-01,19,19,19,19,19,19,19,19,19,19,19,19
2003-06-01,-2,-2,-2,-2,-2,-2,-2,-2,-2,-2,-2,-2
2003-07-01,-3,-3,-3,-3,-3,-3,-3,-3,-3,-3,-3,-3
2003-08-01,-42,-42,-42,-42,-42,-42,-42,-42,-42,-42,-42,-42
2003-09-01,105,105,105,105,105,105,105,105,105,105,105,105
2003-10-01,200,200,200,200,200,200,200,200,200,200,200,200
2003-11-01,20,20,20,20,20,20,20,20,20,20,20,20
2003-12-01,114,114,114,114,114,114,114,114,114,114,114,114
2004-01-01,181,181,181,181,181,181,181,181,181,181,181,181
2004-02-01,56,56,56,56,56,56,56,56,56,56,56,56
2004-03-01,317,317,317,317,317,317,317,317,317,317,317,317
2004-04-01,269,269,269,269,269,269,269,269,269,269,269,269
2004-05-01,283,283,283,283,283,283,283,283,283,283,283,283
2004-06-01,99,99,99,99,99,99,99,99,99,99,99,99
2004-07-01,55,55,55,55,55,55,55,55,55,55,55,55
2004-08-01,89,89,89,89,89,89,89,89,89,89,89,89
2004-09-01,156,156,156,156,156,156,156,156,156,156,156,156
2004-10-01,354,354,354,354,354,354,354,354,354,354,354,354
2004-11-01,56,56,56,56,56,56,56,56,56,56,56,56
2004-12-01,121,121,121,121,121,121,121,121,121,121,121,121
2005-01-01,150,150,150,150,150,150,150,150,150,150,150,150
2005-02-01,258,258,258,258,258,258,258,258,258,258,258,258
2005-03-01,124,124,124,124,124,124,124,124,124,124,124,124
2005-04-01,362,362,362,362,362,362,362,362,362,362,362,362
2005-05-01,172,172,172,172,172,172,172,172,172,172,172,172
2005-06-01,252,252,252,252,252,252,252,252,252,252,252,252
2005-07-01,354,354,354,354,354,354,354,354,354,354,354,354
2005-08-01,202,202,202,202,202,202,202,202,202,202,202,202
2005-09-01,68,68,68,68,68,68,68,68,68,68,68,68
2005-10-01,89,89,89,89,89,89,89,89,89,89,89,89
2005-11-01,338,338,338,338,338,338,338,338,338,338,338,338
2005-12-01,156,156,156,156,156,156,156,156,156,156,156,156
2006-01-01,280,280,280,280,280,280,280,280,280,280,280,280
2006-02-01,308,308,308,308,308,308,308,308,308,308,308,308
2006-03-01,310,310,310,310,310,310,310,310,310,310,310,310
2006-04-01,158,158,158,158,158,158,158,158,158,158,158,158
2006-05-01,39,39,39,39,39,39,39,39,39,39,39,39
2006-06-01,81,81,81,81,81,81,81,81,81,81,81,81
2006-07-01,195,195,195,195,195,195,195,195,195,195,195,195
2006-08-01,174,174,174,174,174,174,174,174,174,174,174,174
2006-09-01,149,149,149,149,149,149,149,149,149,149,149,149
2006-10-01,9,9,9,9,9,9,9,9,9,9,9,9
2006-11-01,211,211,211,211,211,211,211,211,211,211,211,211
2006-12-01,186,186,186,186,186,186,186,186,186,186,186,186
2007-01-01,228,228,228,228,228,228,228,228,228,228,228,228
2007-02-01,81,81,81,81,81,81,81,81,81,81,81,81
2007-03-01,235,235,235,235,235,235,235,235,235,235,235,235
2007-04-01,49,49,49,49,49,49,49,49,49,49,49,49
2007-05-01,151,151,151,151,151,151,151,151,151,151,151,151
2007-06-01,76,76,76,76,76,76,76,76,76,76,76,76
2007-07-01,-31,-31,-31,-31,-31,-31,-31,-31,-31,-31,-31,-31
2007-08-01,-23,-23,-23,-23,-23,-23,-23,-23,-23,-23,-23,-23
2007-09-01,80,80,80,80,80,80,80,80,80,80,80,80
2007-10-01,79,79,79,79,79,79,79,79,79,79,79,79
2007-11-01,110,110,110,110,110,110,110,110,110,110,110,110
2007-12-01,108,108,108,108,108,108,108,108,108,108,108,108
2008-01-01,11,11,11,11,11,11,11,11,11,11,11,11
2008-02-01,-79,-79,-79,-79,-79,-79,-79,-79,-79,-79,-79,-79
2008-03-01,-49,-49,-49,-49,-49,-49,-49,-49,-49,-49,-49,-49
2008-04-01,-240,-240,-240,-240,-240,-240,-240,-240,-240,-240,-240,-240
2008-05-01,-177,-177,-177,-177,-177,-177,-177,-177,-177,-177,-177,-177
2008-06-01,-171,-171,-171,-171,-171,-171,-171,-171,-171,-171,-171,-171
2008-07-01,-196,-196,-196,-196,-196,-196,-196,-196,-196,-196,-196,-196
2008-08-01,-278,-278,-278,-278,-278,-278,-278,-278,-278,-278,-278,-278
2008-09-01,-460,-460,-460,-460,-460,-460,-460,-460,-460,-460,-460,-460
2008-10-01,-481,-481,-481,-481,-481,-481,-481,-481,-481,-481,-481,-481
2008-11-01,-727,-727,-727,-727,-727,-727,-727,-727,-727,-727,-727,-727
2008-12-01,-706,-706,-706,-706,-706,-706,-706,-706,-706,-706,-706,-706
2009-01-01,-784,-784,-784,-784,-784,-784,-784,-784,-784,-784,-784,-784
2009-02-01,-743,-743,-743,-743,-743,-743,-743,-743,-743,-743,-743,-743
2009-03-01,-800,-800,-800,-800,-800,-800,-800,-800,-800,-800,-800,-800
2009-04-01,-695,-695,-695,-695,-695,-695,-695,-695,-695,-695,-695,-695
2009-05-01,-342,-342,-342,-342,-342,-342,-342,-342,-342,-342,-342,-342
2009-06-01,-467,-467,-467,-467,-467,-467,-467,-467,-467,-467,-467,-467
2009-07-01,-340,-340,-340,-340,-340,-340,-340,-340,-340,-340,-340,-340
2009-08-01,-183,-183,-183,-183,-183,-183,-183,-183,-183,-183,-183,-183
2009-09-01,-241,-241,-241,-241,-241,-241,-241,-241,-241,-241,-241,-241
2009-10-01,-199,-199,-199,-199,-199,-199,-199,-199,-199,-199,-199,-199
2009-11-01,12,12,12,12,12,12,12,12,12,12,12,12
2009-12-01,-269,-269,-269,-269,-269,-269,-269,-269,-269,-269,-269,-269
2010-01-01,2,2,2,2,2,2,2,2,2,2,2,2
2010-02-01,-92,-92,-92,-92,-92,-92,-92,-92,-92,-92,-92,-92
2010-03-01,181,181,181,181,181,181,181,181,181,181,181,181
2010-04-01,231,231,231,231,231,231,231,231,231,231,231,231
2010-05-01,540,540,540,540,540,540,540,540,540,540,540,540
2010-06-01,-139,-139,-139,-139,-139,-139,-139,-139,-139,-139,-139,-139
2010-07-01,-84,-84,-84,-84,-84,-84,-84,-84,-84,-84,-84,-84
2010-08-01,-5,-5,-5,-5,-5,-5,-5,-5,-5,-5,-5,-5
2010-09-01,-65,-65,-65,-65,-65,-65,-65,-65,-65,-65,-65,-65
2010-10-01,268,268,268,268,268,268,268,268,268,268,268,268
2010-11-01,125,125,125,125,125,125,125,125,125,125,125,125
2010-12-01,72,72,72,72,72,72,72,72,72,72,72,72
2011-01-01,19,19,19,19,19,19,19,19,19,19,19,19
2011-02-01,212,212,212,212,212,212,212,212,212,212,212,212
2011-03-01,235,235,235,235,235,235,235,235,235,235,235,235
2011-04-01,314,314,314,314,314,314,314,314,314,314,314,314
2011-05-01,101,101,101,101,101,101,101,101,101,101,101,101
2011-06-01,236,236,236,236,236,236,236,236,236,236,236,236
2011-07-01,60,60,60,60,60,60,60,60,60,60,60,60
2011-08-01,126,126,126,126,126,126,126,126,126,126,126,126
2011-09-01,233,233,233,233,233,233,233,233,233,233,233,233
2011-10-01,204,204,204,204,204,204,204,204,204,204,204,204
2011-11-01,132,132,132,132,132,132,132,132,132,132,132,132
2011-12-01,202,202,202,202,202,202,202,202,202,202,202,202
2012-01-01,354,354,354,354,354,354,354,354,354,354,354,354
2012-02-01,262,262,262,262,262,262,262,262,262,262,262,262
2012-03-01,240,240,240,240,240,240,240,240,240,240,240,240
2012-04-01,82,82,82,82,82,82,82,82,82,82,82,82
2012-05-01,100,100,100,100,100,100,100,100,100,100,100,100
2012-06-01,73,73,73,73,73,73,73,73,73,73,73,73
2012-07-01,152,152,152,152,152,152,152,152,152,152,152,152
2012-08-01,172,172,172,172,172,172,172,172,172,172,172,172
2012-09-01,187,187,187,187,187,187,187,187,187,187,187,187
2012-10-01,159,159,159,159,159,159,159,159,159,159,159,159
2012-11-01,156,156,156,156,156,156,156,156,156,156,156,156
2012-12-01,239,239,239,239,239,239,239,239,239,239,239,239
2013-01-01,191,191,191,191,191,191,191,191,191,191,191,191
2013-02-01,278,278,278,278,278,278,278,278,278,278,278,278
2013-03-01,139,139,139,139,139,139,139,139,139,139,139,139
2013-04-01,191,191,191,191,191,191,191,191,191,191,191,191
2013-05-01,222,222,222,222,222,222,222,222,222,222,222,222
2013-06-01,181,181,181,181,181,181,181,181,181,181,181,181
2013-07-01,112,112,112,112,112,112,112,112,112,112,112,112
2013-08-01,242,242,242,242,242,242,242,242,242,242,242,242
2013-09-01,187,187,187,187,187,187,187,187,187,187,187,187
2013-10-01,225,225,225,225,225,225,225,225,225,225,225,225
2013-11-01,264,264,264,264,264,264,264,264,264,264,264,264
2013-12-01,69,69,69,69,69,69,69,69,69,69,69,69
2014-01-01,175,175,175,175,175,175,175,175,175,175,175,175
2014-02-01,166,166,166,166,166,166,166,166,166,166,166,166
2014-03-01,254,254,254,254,254,254,254,254,254,254,254,254
2014-04-01,325,325,325,325,325,325,325,325,325,325,325,325
2014-05-01,218,218,218,218,218,218,218,218,218,218,218,218
2014-06-01,326,326,326,326,326,326,326,326,326,326,326,326
2014-07-01,232,232,232,232,232,232,232,232,232,232,232,232
2014-08-01,188,188,188,188,188,188,188,188,188,188,188,188
2014-09-01,309,309,309,309,309,309,309,309,309,309,309,309
2014-10-01,252,252,252,252,252,252,252,252,252,252,252,252
2014-11-01,291,291,291,291,291,291,291,291,291,291,291,291
2014-12-01,268,268,268,268,268,268,268,268,268,268,268,268
2015-01-01,191,191,191,191,191,191,191,191,191,191,191,191
2015-02-01,271,271,271,271,271,271,271,271,271,271,271,271
2015-03-01,71,71,71,71,71,71,71,71,71,71,71,71
2015-04-01,284,284,284,284,284,284,284,284,284,284,284,284
2015-05-01,331,331,331,331,331,331,331,331,331,331,331,331
2015-06-01,174,174,174,174,174,174,174,174,174,174,174,174
2015-07-01,302,302,302,302,302,302,302,302,302,302,302,302
2015-08-01,125,125,125,125,125,125,125,125,125,125,125,125
2015-09-01,155,155,155,155,155,155,155,155,155,155,155,155
2015-10-01,306,306,306,306,306,306,306,306,306,306,306,306
2015-11-01,237,237,237,237,237,237,237,237,237,237,237,237
2015-12-01,273,273,273,273,273,273,273,273,273,273,273,273
2016-01-01,108,108,108,108,108,108,108,108,108,108,108,108
2016-02-01,212,212,212,212,212,212,212,212,212,212,212,212
2016-03-01,237,237,237,237,237,237,237,237,237,237,237,237
2016-04-01,197,197,197,197,197,197,197,197,197,197,197,197
2016-05-01,41,41,41,41,41,41,41,41,41,41,41,41
2016-06-01,258,258,258,258,258,258,258,258,258,258,258,258
2016-07-01,371,371,371,371,371,371,371,371,371,371,371,371
2016-08-01,143,143,143,143,143,143,143,143,143,143,143,143
2016-09-01,289,289,289,289,289,289,289,289,289,289,289,289
2016-10-01,118,118,118,118,118,118,118,118,118,118,118,118
2016-11-01,130,130,130,130,130,130,130,130,130,130,130,130
2016-12-01,214,214,214,214,214,214,214,214,214,214,214,214
2017-01-01,197,197,197,197,197,197,197,197,197,197,197,197
2017-02-01,183,183,183,183,183,183,183,183,183,183,183,183
2017-03-01,139,139,139,139,139,139,139,139,139,139,139,139
2017-04-01,220,220,220,220,220,220,220,220,220,220,220,220
2017-05-01,141,141,141,141,141,141,141,141,141,141,141,141
2017-06-01,211,211,211,211,211,211,211,211,211,211,211,211
2017-07-01,228,228,228,228,228,228,228,228,228,228,228,228
2017-08-01,190,190,190,190,190,190,190,190,190,190,190,190
2017-09-01,42,42,42,42,42,42,42,42,42,42,42,42
2017-10-01,249,249,249,249,249,249,249,249,249,249,249,249
2017-11-01,196,196,196,196,196,196,196,196,196,196,196,196
2017-12-01,179,179,179,179,179,179,179,179,179,179,179,179
2018-01-01,81,81,81,81,81,81,81,81,81,81,81,81
2018-02-01,378,378,378,378,378,378,378,378,378,378,378,378
2018-03-01,195,195,195,195,195,195,195,195,195,195,195,195
2018-04-01,153,153,153,153,153,153,153,153,153,153,153,153
2018-05-01,270,270,270,270,270,270,270,270,270,270,270,270
2018-06-01,214,214,214,214,214,214,214,214,214,214,214,214
2018-07-01,149,149,149,149,149,149,149,149,149,149,149,149
2018-08-01,229,229,229,229,229,229,229,229,229,229,229,229
2018-09-01,105,105,105,105,105,105,105,105,105,105,105,105
2018-10-01,212,212,212,212,212,212,212,212,212,212,212,212
2018-11-01,92,92,92,92,92,92,92,92,92,92,92,92
2018-12-01,240,240,240,240,240,240,240,240,240,240,240,240
2019-01-01,237,237,237,237,237,237,237,237,237,237,237,237
2019-02-01,-50,-50,-50,-50,-50,-50,-50,-50,-50,-50,-50,-50
2019-03-01,168,168,168,168,168,168,168,168,168,168,168,168
2019-04-01,219,219,219,219,219,219,219,219,219,219,219,219
2019-05-01,63,63,63,63,63,63,63,63,63,63,63,63
2019-06-01,175,175,175,175,175,175,175,175,175,175,175,175
2019-07-01,193,193,193,193,193,193,193,193,193,193,193,193
2019-08-01,195,195,195,195,195,195,195,195,195,195,195,195
2019-09-01,221,221,221,221,221,221,221,221,221,221,221,221
2019-10-01,195,195,195,195,195,195,195,195,195,195,195,195
2019-11-01,234,234,234,234,234,234,234,234,234,234,234,234
2019-12-01,161,161,161,161,161,161,161,161,161,161,161,161
2020-01-01,315,315,315,315,315,315,315,315,315,315,315,315
2020-02-01,289,289,289,289,289,289,289,289,289,289,289,289
2020-03-01,-1683,-1683,-1683,-1683,-1683,-1683,-1683,-1683,-1683,-1683,-1683,-1683
2020-04-01,-20679,-20679,-20679,-20679,-20679,-20679,-20679,-20679,-20679,-20679,-20679,-20679
2020-05-01,2833,2833,2833,2833,2833,2833,2833,2833,2833,2833,2833,2833
2020-06-01,4846,4846,4846,4846,4846,4846,4846,4846,4846,4846,4846,4846
2020-07-01,1726,1726,1726,1726,1726,1726,1726,1726,1726,1726,1726,1726
2020-08-01,1583,1583,1583,1583,1583,1583,1583,1583,1583,1583,1583,1583
2020-09-01,716,716,716,716,716,716,716,716,716,716,716,716
2020-10-01,680,680,680,680,680,680,680,680,680,680,680,680
2020-11-01,264,264,264,264,264,264,264,264,264,264,264,264
2020-12-01,-306,-227,-306,-306,-306,-306,-306,-306,-306,-306,-306,-306
2021-01-01,233,49,166,233,233,233,233,233,233,233,233,233
2021-02-01,536,.,379,468,536,536,536,536,536,536,536,536
2021-03-01,785,.,.,916,770,785,785,785,785,785,785,785
2021-04-01,269,.,.,.,266,278,269,269,269,269,269,269
2021-05-01,614,.,.,.,.,559,583,614,614,614,614,614
2021-06-01,962,.,.,.,.,.,850,938,962,962,962,962
2021-07-01,1091,.,.,.,.,.,.,943,1053,1091,1091,1091
2021-08-01,483,.,.,.,.,.,.,.,235,366,483,483
2021-09-01,379,.,.,.,.,.,.,.,.,194,312,379
2021-10-01,648,.,.,.,.,.,.,.,.,.,531,546
2021-11-01,249,.,.,.,.,.,.,.,.,.,.,210
2021-12-01,199,.,.,.,.,.,.,.,.,.,.,.
